,Name,Size,Location
0,.ses,53,C:\Users\samru\AppData\Local\Temp\.ses
1,079b0a31-2900-4a4b-a414-d320f315c4fd.tmp,0,C:\Users\samru\AppData\Local\Temp\079b0a31-2900-4a4b-a414-d320f315c4fd.tmp
2,0c2da44d-9db0-40c2-8647-2da871874749.tmp,1230,C:\Users\samru\AppData\Local\Temp\0c2da44d-9db0-40c2-8647-2da871874749.tmp
3,31a0735c-78ce-4591-85d8-079d8524558f.tmp,0,C:\Users\samru\AppData\Local\Temp\31a0735c-78ce-4591-85d8-079d8524558f.tmp
4,36ace52c-373b-4ac4-9eb7-ae40f5ae4c5c.tmp,1546108,C:\Users\samru\AppData\Local\Temp\36ace52c-373b-4ac4-9eb7-ae40f5ae4c5c.tmp
5,48146a3c-3fc1-499d-ad27-6b42d56fd73a.tmp,0,C:\Users\samru\AppData\Local\Temp\48146a3c-3fc1-499d-ad27-6b42d56fd73a.tmp
6,4f016eec-06a5-4f49-b94b-aeddc7589fc6.tmp,2615417,C:\Users\samru\AppData\Local\Temp\4f016eec-06a5-4f49-b94b-aeddc7589fc6.tmp
7,54195279-2799-4bb4-8d8c-c001605d6471.tmp,4038222,C:\Users\samru\AppData\Local\Temp\54195279-2799-4bb4-8d8c-c001605d6471.tmp
8,5d7a517f-e38e-4255-be57-59c99df8b801.tmp,11035279,C:\Users\samru\AppData\Local\Temp\5d7a517f-e38e-4255-be57-59c99df8b801.tmp
9,7c7996aa-a658-4323-93e7-0441a3e7a2cc.tmp,3243182,C:\Users\samru\AppData\Local\Temp\7c7996aa-a658-4323-93e7-0441a3e7a2cc.tmp
10,7fa63d90-62b0-4fd7-a743-9b1b8f8ba124.tmp,69773,C:\Users\samru\AppData\Local\Temp\7fa63d90-62b0-4fd7-a743-9b1b8f8ba124.tmp
11,a8a571bb-9888-45ab-8f7b-a46a9f0e8e03.tmp,5396,C:\Users\samru\AppData\Local\Temp\a8a571bb-9888-45ab-8f7b-a46a9f0e8e03.tmp
12,AdobeARM.log,534538,C:\Users\samru\AppData\Local\Temp\AdobeARM.log
13,all_data.py.url,0,C:\Users\samru\AppData\Local\Temp\all_data.py.url
14,bc3902d8132f43e3ae086a009979fa88.db,24576,C:\Users\samru\AppData\Local\Temp\bc3902d8132f43e3ae086a009979fa88.db
15,bc3902d8132f43e3ae086a009979fa88.db-shm,32768,C:\Users\samru\AppData\Local\Temp\bc3902d8132f43e3ae086a009979fa88.db-shm
16,bc3902d8132f43e3ae086a009979fa88.db-wal,2076512,C:\Users\samru\AppData\Local\Temp\bc3902d8132f43e3ae086a009979fa88.db-wal
17,bc3902d8132f43e3ae086a009979fa88.db.ses,53,C:\Users\samru\AppData\Local\Temp\bc3902d8132f43e3ae086a009979fa88.db.ses
18,c6917476-499a-4c67-941c-160d2a1e02e8.tmp,0,C:\Users\samru\AppData\Local\Temp\c6917476-499a-4c67-941c-160d2a1e02e8.tmp
19,cv_debug.log,93446,C:\Users\samru\AppData\Local\Temp\cv_debug.log
20,d91d3bc8-d7c8-4697-a12b-2abdfdb40ced.tmp,49826,C:\Users\samru\AppData\Local\Temp\d91d3bc8-d7c8-4697-a12b-2abdfdb40ced.tmp
21,fab7c26d-508c-4de3-976d-2110a55009d1.tmp,3255,C:\Users\samru\AppData\Local\Temp\fab7c26d-508c-4de3-976d-2110a55009d1.tmp
22,fc333c2e-3376-4645-bd60-7c59b6788314.tmp,99175,C:\Users\samru\AppData\Local\Temp\fc333c2e-3376-4645-bd60-7c59b6788314.tmp
23,fd0ef21b-fa20-4078-aef9-6eb55d389e53.tmp,0,C:\Users\samru\AppData\Local\Temp\fd0ef21b-fa20-4078-aef9-6eb55d389e53.tmp
24,HP-20240229-1209.log,122156,C:\Users\samru\AppData\Local\Temp\HP-20240229-1209.log
25,HP-20240229-1226.log,121124,C:\Users\samru\AppData\Local\Temp\HP-20240229-1226.log
26,HP-20240229-1350.log,123156,C:\Users\samru\AppData\Local\Temp\HP-20240229-1350.log
27,HP-20240229-1622.log,122040,C:\Users\samru\AppData\Local\Temp\HP-20240229-1622.log
28,HP-20240301-1026.log,122006,C:\Users\samru\AppData\Local\Temp\HP-20240301-1026.log
29,HP-20240301-1205.log,122040,C:\Users\samru\AppData\Local\Temp\HP-20240301-1205.log
30,HP-20240301-1210.log,122034,C:\Users\samru\AppData\Local\Temp\HP-20240301-1210.log
31,HP-20240301-2140.log,122008,C:\Users\samru\AppData\Local\Temp\HP-20240301-2140.log
32,HP-20240304-0912.log,121266,C:\Users\samru\AppData\Local\Temp\HP-20240304-0912.log
33,HP-20240304-0924.log,121224,C:\Users\samru\AppData\Local\Temp\HP-20240304-0924.log
34,HP-20240305-0806.log,119144,C:\Users\samru\AppData\Local\Temp\HP-20240305-0806.log
35,HP-20240305-0811.log,118890,C:\Users\samru\AppData\Local\Temp\HP-20240305-0811.log
36,HP-20240305-0942.log,122412,C:\Users\samru\AppData\Local\Temp\HP-20240305-0942.log
37,HP-20240305-1558.log,121596,C:\Users\samru\AppData\Local\Temp\HP-20240305-1558.log
38,HP-20240306-1158.log,121912,C:\Users\samru\AppData\Local\Temp\HP-20240306-1158.log
39,HP-20240307-1040.log,121884,C:\Users\samru\AppData\Local\Temp\HP-20240307-1040.log
40,HP-20240307-1045.log,122050,C:\Users\samru\AppData\Local\Temp\HP-20240307-1045.log
41,HP-20240307-1046.log,122172,C:\Users\samru\AppData\Local\Temp\HP-20240307-1046.log
42,HP-20240307-1102.log,119788,C:\Users\samru\AppData\Local\Temp\HP-20240307-1102.log
43,HP-20240307-1645.log,121552,C:\Users\samru\AppData\Local\Temp\HP-20240307-1645.log
44,HP-20240307-1646.log,123224,C:\Users\samru\AppData\Local\Temp\HP-20240307-1646.log
45,main.csv.url,0,C:\Users\samru\AppData\Local\Temp\main.csv.url
46,main.py.url,0,C:\Users\samru\AppData\Local\Temp\main.py.url
47,mat-debug-10056.log,0,C:\Users\samru\AppData\Local\Temp\mat-debug-10056.log
48,mat-debug-11576.log,0,C:\Users\samru\AppData\Local\Temp\mat-debug-11576.log
49,mat-debug-11808.log,0,C:\Users\samru\AppData\Local\Temp\mat-debug-11808.log
50,mat-debug-11816.log,0,C:\Users\samru\AppData\Local\Temp\mat-debug-11816.log
51,mat-debug-12384.log,0,C:\Users\samru\AppData\Local\Temp\mat-debug-12384.log
52,mat-debug-12548.log,0,C:\Users\samru\AppData\Local\Temp\mat-debug-12548.log
53,mat-debug-14048.log,0,C:\Users\samru\AppData\Local\Temp\mat-debug-14048.log
54,mat-debug-14104.log,0,C:\Users\samru\AppData\Local\Temp\mat-debug-14104.log
55,mat-debug-14656.log,0,C:\Users\samru\AppData\Local\Temp\mat-debug-14656.log
56,mat-debug-15120.log,0,C:\Users\samru\AppData\Local\Temp\mat-debug-15120.log
57,mat-debug-15428.log,0,C:\Users\samru\AppData\Local\Temp\mat-debug-15428.log
58,mat-debug-15440.log,0,C:\Users\samru\AppData\Local\Temp\mat-debug-15440.log
59,mat-debug-15736.log,0,C:\Users\samru\AppData\Local\Temp\mat-debug-15736.log
60,mat-debug-16184.log,0,C:\Users\samru\AppData\Local\Temp\mat-debug-16184.log
61,mat-debug-16656.log,0,C:\Users\samru\AppData\Local\Temp\mat-debug-16656.log
62,mat-debug-16848.log,0,C:\Users\samru\AppData\Local\Temp\mat-debug-16848.log
63,mat-debug-1692.log,0,C:\Users\samru\AppData\Local\Temp\mat-debug-1692.log
64,mat-debug-17124.log,0,C:\Users\samru\AppData\Local\Temp\mat-debug-17124.log
65,mat-debug-1716.log,0,C:\Users\samru\AppData\Local\Temp\mat-debug-1716.log
66,mat-debug-18424.log,0,C:\Users\samru\AppData\Local\Temp\mat-debug-18424.log
67,mat-debug-18472.log,0,C:\Users\samru\AppData\Local\Temp\mat-debug-18472.log
68,mat-debug-18740.log,0,C:\Users\samru\AppData\Local\Temp\mat-debug-18740.log
69,mat-debug-19260.log,0,C:\Users\samru\AppData\Local\Temp\mat-debug-19260.log
70,mat-debug-19584.log,0,C:\Users\samru\AppData\Local\Temp\mat-debug-19584.log
71,mat-debug-20424.log,0,C:\Users\samru\AppData\Local\Temp\mat-debug-20424.log
72,mat-debug-20552.log,0,C:\Users\samru\AppData\Local\Temp\mat-debug-20552.log
73,mat-debug-20832.log,0,C:\Users\samru\AppData\Local\Temp\mat-debug-20832.log
74,mat-debug-21324.log,0,C:\Users\samru\AppData\Local\Temp\mat-debug-21324.log
75,mat-debug-21340.log,0,C:\Users\samru\AppData\Local\Temp\mat-debug-21340.log
76,mat-debug-21376.log,0,C:\Users\samru\AppData\Local\Temp\mat-debug-21376.log
77,mat-debug-21560.log,0,C:\Users\samru\AppData\Local\Temp\mat-debug-21560.log
78,mat-debug-21684.log,0,C:\Users\samru\AppData\Local\Temp\mat-debug-21684.log
79,mat-debug-21996.log,0,C:\Users\samru\AppData\Local\Temp\mat-debug-21996.log
80,mat-debug-220.log,0,C:\Users\samru\AppData\Local\Temp\mat-debug-220.log
81,mat-debug-22036.log,0,C:\Users\samru\AppData\Local\Temp\mat-debug-22036.log
82,mat-debug-22320.log,0,C:\Users\samru\AppData\Local\Temp\mat-debug-22320.log
83,mat-debug-22344.log,0,C:\Users\samru\AppData\Local\Temp\mat-debug-22344.log
84,mat-debug-22460.log,0,C:\Users\samru\AppData\Local\Temp\mat-debug-22460.log
85,mat-debug-22492.log,0,C:\Users\samru\AppData\Local\Temp\mat-debug-22492.log
86,mat-debug-22496.log,0,C:\Users\samru\AppData\Local\Temp\mat-debug-22496.log
87,mat-debug-22588.log,0,C:\Users\samru\AppData\Local\Temp\mat-debug-22588.log
88,mat-debug-22696.log,0,C:\Users\samru\AppData\Local\Temp\mat-debug-22696.log
89,mat-debug-22956.log,0,C:\Users\samru\AppData\Local\Temp\mat-debug-22956.log
90,mat-debug-23188.log,0,C:\Users\samru\AppData\Local\Temp\mat-debug-23188.log
91,mat-debug-2352.log,0,C:\Users\samru\AppData\Local\Temp\mat-debug-2352.log
92,mat-debug-23880.log,0,C:\Users\samru\AppData\Local\Temp\mat-debug-23880.log
93,mat-debug-24252.log,0,C:\Users\samru\AppData\Local\Temp\mat-debug-24252.log
94,mat-debug-24260.log,0,C:\Users\samru\AppData\Local\Temp\mat-debug-24260.log
95,mat-debug-24364.log,0,C:\Users\samru\AppData\Local\Temp\mat-debug-24364.log
96,mat-debug-24496.log,0,C:\Users\samru\AppData\Local\Temp\mat-debug-24496.log
97,mat-debug-24540.log,0,C:\Users\samru\AppData\Local\Temp\mat-debug-24540.log
98,mat-debug-24632.log,0,C:\Users\samru\AppData\Local\Temp\mat-debug-24632.log
99,mat-debug-24896.log,0,C:\Users\samru\AppData\Local\Temp\mat-debug-24896.log
100,mat-debug-2500.log,0,C:\Users\samru\AppData\Local\Temp\mat-debug-2500.log
101,mat-debug-25088.log,0,C:\Users\samru\AppData\Local\Temp\mat-debug-25088.log
102,mat-debug-25140.log,0,C:\Users\samru\AppData\Local\Temp\mat-debug-25140.log
103,mat-debug-25544.log,0,C:\Users\samru\AppData\Local\Temp\mat-debug-25544.log
104,mat-debug-25784.log,0,C:\Users\samru\AppData\Local\Temp\mat-debug-25784.log
105,mat-debug-26752.log,0,C:\Users\samru\AppData\Local\Temp\mat-debug-26752.log
106,mat-debug-27004.log,0,C:\Users\samru\AppData\Local\Temp\mat-debug-27004.log
107,mat-debug-27716.log,0,C:\Users\samru\AppData\Local\Temp\mat-debug-27716.log
108,mat-debug-27756.log,0,C:\Users\samru\AppData\Local\Temp\mat-debug-27756.log
109,mat-debug-27852.log,0,C:\Users\samru\AppData\Local\Temp\mat-debug-27852.log
110,mat-debug-28160.log,0,C:\Users\samru\AppData\Local\Temp\mat-debug-28160.log
111,mat-debug-28244.log,0,C:\Users\samru\AppData\Local\Temp\mat-debug-28244.log
112,mat-debug-28284.log,0,C:\Users\samru\AppData\Local\Temp\mat-debug-28284.log
113,mat-debug-28372.log,0,C:\Users\samru\AppData\Local\Temp\mat-debug-28372.log
114,mat-debug-28480.log,0,C:\Users\samru\AppData\Local\Temp\mat-debug-28480.log
115,mat-debug-28488.log,0,C:\Users\samru\AppData\Local\Temp\mat-debug-28488.log
116,mat-debug-28632.log,0,C:\Users\samru\AppData\Local\Temp\mat-debug-28632.log
117,mat-debug-28840.log,0,C:\Users\samru\AppData\Local\Temp\mat-debug-28840.log
118,mat-debug-29084.log,0,C:\Users\samru\AppData\Local\Temp\mat-debug-29084.log
119,mat-debug-29104.log,0,C:\Users\samru\AppData\Local\Temp\mat-debug-29104.log
120,mat-debug-29244.log,0,C:\Users\samru\AppData\Local\Temp\mat-debug-29244.log
121,mat-debug-29452.log,0,C:\Users\samru\AppData\Local\Temp\mat-debug-29452.log
122,mat-debug-29520.log,0,C:\Users\samru\AppData\Local\Temp\mat-debug-29520.log
123,mat-debug-29712.log,0,C:\Users\samru\AppData\Local\Temp\mat-debug-29712.log
124,mat-debug-29788.log,0,C:\Users\samru\AppData\Local\Temp\mat-debug-29788.log
125,mat-debug-29896.log,0,C:\Users\samru\AppData\Local\Temp\mat-debug-29896.log
126,mat-debug-30376.log,0,C:\Users\samru\AppData\Local\Temp\mat-debug-30376.log
127,mat-debug-30452.log,0,C:\Users\samru\AppData\Local\Temp\mat-debug-30452.log
128,mat-debug-30748.log,0,C:\Users\samru\AppData\Local\Temp\mat-debug-30748.log
129,mat-debug-30820.log,0,C:\Users\samru\AppData\Local\Temp\mat-debug-30820.log
130,mat-debug-30916.log,0,C:\Users\samru\AppData\Local\Temp\mat-debug-30916.log
131,mat-debug-31000.log,0,C:\Users\samru\AppData\Local\Temp\mat-debug-31000.log
132,mat-debug-31120.log,0,C:\Users\samru\AppData\Local\Temp\mat-debug-31120.log
133,mat-debug-31136.log,0,C:\Users\samru\AppData\Local\Temp\mat-debug-31136.log
134,mat-debug-31380.log,0,C:\Users\samru\AppData\Local\Temp\mat-debug-31380.log
135,mat-debug-31540.log,0,C:\Users\samru\AppData\Local\Temp\mat-debug-31540.log
136,mat-debug-31604.log,0,C:\Users\samru\AppData\Local\Temp\mat-debug-31604.log
137,mat-debug-31644.log,0,C:\Users\samru\AppData\Local\Temp\mat-debug-31644.log
138,mat-debug-32040.log,0,C:\Users\samru\AppData\Local\Temp\mat-debug-32040.log
139,mat-debug-32456.log,0,C:\Users\samru\AppData\Local\Temp\mat-debug-32456.log
140,mat-debug-32536.log,0,C:\Users\samru\AppData\Local\Temp\mat-debug-32536.log
141,mat-debug-32712.log,0,C:\Users\samru\AppData\Local\Temp\mat-debug-32712.log
142,mat-debug-32796.log,0,C:\Users\samru\AppData\Local\Temp\mat-debug-32796.log
143,mat-debug-32820.log,0,C:\Users\samru\AppData\Local\Temp\mat-debug-32820.log
144,mat-debug-33100.log,0,C:\Users\samru\AppData\Local\Temp\mat-debug-33100.log
145,mat-debug-33228.log,0,C:\Users\samru\AppData\Local\Temp\mat-debug-33228.log
146,mat-debug-33232.log,0,C:\Users\samru\AppData\Local\Temp\mat-debug-33232.log
147,mat-debug-33368.log,0,C:\Users\samru\AppData\Local\Temp\mat-debug-33368.log
148,mat-debug-33456.log,0,C:\Users\samru\AppData\Local\Temp\mat-debug-33456.log
149,mat-debug-33504.log,0,C:\Users\samru\AppData\Local\Temp\mat-debug-33504.log
150,mat-debug-33524.log,0,C:\Users\samru\AppData\Local\Temp\mat-debug-33524.log
151,mat-debug-33760.log,0,C:\Users\samru\AppData\Local\Temp\mat-debug-33760.log
152,mat-debug-34004.log,0,C:\Users\samru\AppData\Local\Temp\mat-debug-34004.log
153,mat-debug-34084.log,0,C:\Users\samru\AppData\Local\Temp\mat-debug-34084.log
154,mat-debug-34204.log,0,C:\Users\samru\AppData\Local\Temp\mat-debug-34204.log
155,mat-debug-34236.log,0,C:\Users\samru\AppData\Local\Temp\mat-debug-34236.log
156,mat-debug-34412.log,0,C:\Users\samru\AppData\Local\Temp\mat-debug-34412.log
157,mat-debug-34552.log,0,C:\Users\samru\AppData\Local\Temp\mat-debug-34552.log
158,mat-debug-34592.log,0,C:\Users\samru\AppData\Local\Temp\mat-debug-34592.log
159,mat-debug-34612.log,0,C:\Users\samru\AppData\Local\Temp\mat-debug-34612.log
160,mat-debug-34748.log,0,C:\Users\samru\AppData\Local\Temp\mat-debug-34748.log
161,mat-debug-35104.log,0,C:\Users\samru\AppData\Local\Temp\mat-debug-35104.log
162,mat-debug-35200.log,0,C:\Users\samru\AppData\Local\Temp\mat-debug-35200.log
163,mat-debug-35536.log,0,C:\Users\samru\AppData\Local\Temp\mat-debug-35536.log
164,mat-debug-3580.log,0,C:\Users\samru\AppData\Local\Temp\mat-debug-3580.log
165,mat-debug-36296.log,0,C:\Users\samru\AppData\Local\Temp\mat-debug-36296.log
166,mat-debug-36356.log,0,C:\Users\samru\AppData\Local\Temp\mat-debug-36356.log
167,mat-debug-36452.log,0,C:\Users\samru\AppData\Local\Temp\mat-debug-36452.log
168,mat-debug-36608.log,0,C:\Users\samru\AppData\Local\Temp\mat-debug-36608.log
169,mat-debug-36652.log,0,C:\Users\samru\AppData\Local\Temp\mat-debug-36652.log
170,mat-debug-36852.log,0,C:\Users\samru\AppData\Local\Temp\mat-debug-36852.log
171,mat-debug-36984.log,0,C:\Users\samru\AppData\Local\Temp\mat-debug-36984.log
172,mat-debug-37008.log,0,C:\Users\samru\AppData\Local\Temp\mat-debug-37008.log
173,mat-debug-37084.log,0,C:\Users\samru\AppData\Local\Temp\mat-debug-37084.log
174,mat-debug-37244.log,0,C:\Users\samru\AppData\Local\Temp\mat-debug-37244.log
175,mat-debug-37412.log,0,C:\Users\samru\AppData\Local\Temp\mat-debug-37412.log
176,mat-debug-37480.log,0,C:\Users\samru\AppData\Local\Temp\mat-debug-37480.log
177,mat-debug-37532.log,0,C:\Users\samru\AppData\Local\Temp\mat-debug-37532.log
178,mat-debug-37784.log,0,C:\Users\samru\AppData\Local\Temp\mat-debug-37784.log
179,mat-debug-37868.log,0,C:\Users\samru\AppData\Local\Temp\mat-debug-37868.log
180,mat-debug-37940.log,0,C:\Users\samru\AppData\Local\Temp\mat-debug-37940.log
181,mat-debug-38184.log,0,C:\Users\samru\AppData\Local\Temp\mat-debug-38184.log
182,mat-debug-38232.log,0,C:\Users\samru\AppData\Local\Temp\mat-debug-38232.log
183,mat-debug-38296.log,0,C:\Users\samru\AppData\Local\Temp\mat-debug-38296.log
184,mat-debug-38484.log,0,C:\Users\samru\AppData\Local\Temp\mat-debug-38484.log
185,mat-debug-38536.log,0,C:\Users\samru\AppData\Local\Temp\mat-debug-38536.log
186,mat-debug-38556.log,0,C:\Users\samru\AppData\Local\Temp\mat-debug-38556.log
187,mat-debug-38892.log,0,C:\Users\samru\AppData\Local\Temp\mat-debug-38892.log
188,mat-debug-38920.log,0,C:\Users\samru\AppData\Local\Temp\mat-debug-38920.log
189,mat-debug-39116.log,0,C:\Users\samru\AppData\Local\Temp\mat-debug-39116.log
190,mat-debug-39240.log,0,C:\Users\samru\AppData\Local\Temp\mat-debug-39240.log
191,mat-debug-39608.log,0,C:\Users\samru\AppData\Local\Temp\mat-debug-39608.log
192,mat-debug-39752.log,0,C:\Users\samru\AppData\Local\Temp\mat-debug-39752.log
193,mat-debug-39880.log,0,C:\Users\samru\AppData\Local\Temp\mat-debug-39880.log
194,mat-debug-40076.log,0,C:\Users\samru\AppData\Local\Temp\mat-debug-40076.log
195,mat-debug-40252.log,0,C:\Users\samru\AppData\Local\Temp\mat-debug-40252.log
196,mat-debug-40360.log,0,C:\Users\samru\AppData\Local\Temp\mat-debug-40360.log
197,mat-debug-41028.log,0,C:\Users\samru\AppData\Local\Temp\mat-debug-41028.log
198,mat-debug-41892.log,0,C:\Users\samru\AppData\Local\Temp\mat-debug-41892.log
199,mat-debug-41940.log,0,C:\Users\samru\AppData\Local\Temp\mat-debug-41940.log
200,mat-debug-42152.log,0,C:\Users\samru\AppData\Local\Temp\mat-debug-42152.log
201,mat-debug-42732.log,0,C:\Users\samru\AppData\Local\Temp\mat-debug-42732.log
202,mat-debug-43564.log,0,C:\Users\samru\AppData\Local\Temp\mat-debug-43564.log
203,mat-debug-43760.log,0,C:\Users\samru\AppData\Local\Temp\mat-debug-43760.log
204,mat-debug-44320.log,0,C:\Users\samru\AppData\Local\Temp\mat-debug-44320.log
205,mat-debug-45516.log,0,C:\Users\samru\AppData\Local\Temp\mat-debug-45516.log
206,mat-debug-45792.log,0,C:\Users\samru\AppData\Local\Temp\mat-debug-45792.log
207,mat-debug-46996.log,0,C:\Users\samru\AppData\Local\Temp\mat-debug-46996.log
208,mat-debug-4900.log,0,C:\Users\samru\AppData\Local\Temp\mat-debug-4900.log
209,mat-debug-5560.log,0,C:\Users\samru\AppData\Local\Temp\mat-debug-5560.log
210,mat-debug-5656.log,0,C:\Users\samru\AppData\Local\Temp\mat-debug-5656.log
211,mat-debug-6024.log,0,C:\Users\samru\AppData\Local\Temp\mat-debug-6024.log
212,mat-debug-608.log,0,C:\Users\samru\AppData\Local\Temp\mat-debug-608.log
213,mat-debug-7184.log,0,C:\Users\samru\AppData\Local\Temp\mat-debug-7184.log
214,mat-debug-7188.log,0,C:\Users\samru\AppData\Local\Temp\mat-debug-7188.log
215,mat-debug-7228.log,0,C:\Users\samru\AppData\Local\Temp\mat-debug-7228.log
216,mat-debug-7480.log,0,C:\Users\samru\AppData\Local\Temp\mat-debug-7480.log
217,mat-debug-7608.log,0,C:\Users\samru\AppData\Local\Temp\mat-debug-7608.log
218,mat-debug-84.log,0,C:\Users\samru\AppData\Local\Temp\mat-debug-84.log
219,mat-debug-8440.log,0,C:\Users\samru\AppData\Local\Temp\mat-debug-8440.log
220,mat-debug-9080.log,0,C:\Users\samru\AppData\Local\Temp\mat-debug-9080.log
221,mat-debug-9084.log,0,C:\Users\samru\AppData\Local\Temp\mat-debug-9084.log
222,prep_foundation_win32_bundle_V8_perf.cache,745587,C:\Users\samru\AppData\Local\Temp\prep_foundation_win32_bundle_V8_perf.cache
223,prep_oft Office_root_Office16_sdxs_FA000000042_mecontrol_win32_bundle_V8_perf.cache,400635,C:\Users\samru\AppData\Local\Temp\prep_oft Office_root_Office16_sdxs_FA000000042_mecontrol_win32_bundle_V8_perf.cache
224,prep_ui_win32_bundle_V8_perf.cache,269835,C:\Users\samru\AppData\Local\Temp\prep_ui_win32_bundle_V8_perf.cache
225,Setup Log 2024-02-29 #001.txt,816891,C:\Users\samru\AppData\Local\Temp\Setup Log 2024-02-29 #001.txt
226,Setup Log 2024-03-08 #001.txt,816890,C:\Users\samru\AppData\Local\Temp\Setup Log 2024-03-08 #001.txt
227,StructuredQuery.log,153130,C:\Users\samru\AppData\Local\Temp\StructuredQuery.log
228,support_list.json,2086,C:\Users\samru\AppData\Local\Temp\support_list.json
229,temporary_files.csv.url,0,C:\Users\samru\AppData\Local\Temp\temporary_files.csv.url
230,temp_file.py.url,0,C:\Users\samru\AppData\Local\Temp\temp_file.py.url
231,tmp00ageuk9,0,C:\Users\samru\AppData\Local\Temp\tmp00ageuk9
232,tmp0du9mq62,0,C:\Users\samru\AppData\Local\Temp\tmp0du9mq62
233,tmp0iaxk2lq,0,C:\Users\samru\AppData\Local\Temp\tmp0iaxk2lq
234,tmp0lnoa2eh,0,C:\Users\samru\AppData\Local\Temp\tmp0lnoa2eh
235,tmp0m6k0e08,0,C:\Users\samru\AppData\Local\Temp\tmp0m6k0e08
236,tmp0_7alo37,0,C:\Users\samru\AppData\Local\Temp\tmp0_7alo37
237,tmp13jg1x6l,0,C:\Users\samru\AppData\Local\Temp\tmp13jg1x6l
238,tmp15cvic3d,0,C:\Users\samru\AppData\Local\Temp\tmp15cvic3d
239,tmp1f3mlq64,0,C:\Users\samru\AppData\Local\Temp\tmp1f3mlq64
240,tmp1icjt8pn,0,C:\Users\samru\AppData\Local\Temp\tmp1icjt8pn
241,tmp1ji1od09,0,C:\Users\samru\AppData\Local\Temp\tmp1ji1od09
242,tmp1oz6_co5,0,C:\Users\samru\AppData\Local\Temp\tmp1oz6_co5
243,tmp1tt9jg1a,0,C:\Users\samru\AppData\Local\Temp\tmp1tt9jg1a
244,tmp1vk1gcgs,0,C:\Users\samru\AppData\Local\Temp\tmp1vk1gcgs
245,tmp1wdyovcs,0,C:\Users\samru\AppData\Local\Temp\tmp1wdyovcs
246,tmp2bpmt9yf,0,C:\Users\samru\AppData\Local\Temp\tmp2bpmt9yf
247,tmp2nd1tnio,0,C:\Users\samru\AppData\Local\Temp\tmp2nd1tnio
248,tmp2o8tmcu_,0,C:\Users\samru\AppData\Local\Temp\tmp2o8tmcu_
249,tmp2q7_xih9,0,C:\Users\samru\AppData\Local\Temp\tmp2q7_xih9
250,tmp2s3zqljs,0,C:\Users\samru\AppData\Local\Temp\tmp2s3zqljs
251,tmp2yx88bjq,0,C:\Users\samru\AppData\Local\Temp\tmp2yx88bjq
252,tmp34lcn8il,0,C:\Users\samru\AppData\Local\Temp\tmp34lcn8il
253,tmp35ubgsd4,0,C:\Users\samru\AppData\Local\Temp\tmp35ubgsd4
254,tmp36cafobg,0,C:\Users\samru\AppData\Local\Temp\tmp36cafobg
255,tmp3gqhj19e,0,C:\Users\samru\AppData\Local\Temp\tmp3gqhj19e
256,tmp3ia4s4a5,0,C:\Users\samru\AppData\Local\Temp\tmp3ia4s4a5
257,tmp3n6ef7w4,0,C:\Users\samru\AppData\Local\Temp\tmp3n6ef7w4
258,tmp40ji32ss,0,C:\Users\samru\AppData\Local\Temp\tmp40ji32ss
259,tmp42n0r3g_,0,C:\Users\samru\AppData\Local\Temp\tmp42n0r3g_
260,tmp4ajsggn7,0,C:\Users\samru\AppData\Local\Temp\tmp4ajsggn7
261,tmp4tkjkiu3,0,C:\Users\samru\AppData\Local\Temp\tmp4tkjkiu3
262,tmp4uuixskh,0,C:\Users\samru\AppData\Local\Temp\tmp4uuixskh
263,tmp4ya8w09_,0,C:\Users\samru\AppData\Local\Temp\tmp4ya8w09_
264,tmp51oov2g3,0,C:\Users\samru\AppData\Local\Temp\tmp51oov2g3
265,tmp5azj10xl,0,C:\Users\samru\AppData\Local\Temp\tmp5azj10xl
266,tmp5dk7jtgk,0,C:\Users\samru\AppData\Local\Temp\tmp5dk7jtgk
267,tmp5ec3hg2x,0,C:\Users\samru\AppData\Local\Temp\tmp5ec3hg2x
268,tmp5mxh970w,0,C:\Users\samru\AppData\Local\Temp\tmp5mxh970w
269,tmp6cv179eq,0,C:\Users\samru\AppData\Local\Temp\tmp6cv179eq
270,tmp6ma5lb8p,0,C:\Users\samru\AppData\Local\Temp\tmp6ma5lb8p
271,tmp6txwpv5x,0,C:\Users\samru\AppData\Local\Temp\tmp6txwpv5x
272,tmp6u42j604,0,C:\Users\samru\AppData\Local\Temp\tmp6u42j604
273,tmp7j87s0ag,0,C:\Users\samru\AppData\Local\Temp\tmp7j87s0ag
274,tmp7z2f3xbp,0,C:\Users\samru\AppData\Local\Temp\tmp7z2f3xbp
275,tmp8lfp9qil,0,C:\Users\samru\AppData\Local\Temp\tmp8lfp9qil
276,tmp8oous1an,0,C:\Users\samru\AppData\Local\Temp\tmp8oous1an
277,tmp8ydqndd7,0,C:\Users\samru\AppData\Local\Temp\tmp8ydqndd7
278,tmp90n_ohm5,0,C:\Users\samru\AppData\Local\Temp\tmp90n_ohm5
279,tmp96pxmq3f,0,C:\Users\samru\AppData\Local\Temp\tmp96pxmq3f
280,tmp9g89jqxv,0,C:\Users\samru\AppData\Local\Temp\tmp9g89jqxv
281,tmp9qpoconb,0,C:\Users\samru\AppData\Local\Temp\tmp9qpoconb
282,tmpa07tw8ks,0,C:\Users\samru\AppData\Local\Temp\tmpa07tw8ks
283,tmpa2npq6na,0,C:\Users\samru\AppData\Local\Temp\tmpa2npq6na
284,tmpa6uf4fye,0,C:\Users\samru\AppData\Local\Temp\tmpa6uf4fye
285,tmpadm_5otk,0,C:\Users\samru\AppData\Local\Temp\tmpadm_5otk
286,tmpadv1niym,0,C:\Users\samru\AppData\Local\Temp\tmpadv1niym
287,tmpahgvfckb,0,C:\Users\samru\AppData\Local\Temp\tmpahgvfckb
288,tmpb9wzrzyc,0,C:\Users\samru\AppData\Local\Temp\tmpb9wzrzyc
289,tmpbhvbtpjr,0,C:\Users\samru\AppData\Local\Temp\tmpbhvbtpjr
290,tmpbmb9qq2c,0,C:\Users\samru\AppData\Local\Temp\tmpbmb9qq2c
291,tmpcjr_v7wg,0,C:\Users\samru\AppData\Local\Temp\tmpcjr_v7wg
292,tmpcogih5cc,0,C:\Users\samru\AppData\Local\Temp\tmpcogih5cc
293,tmpcsk0us54,0,C:\Users\samru\AppData\Local\Temp\tmpcsk0us54
294,tmpcumyqxls,0,C:\Users\samru\AppData\Local\Temp\tmpcumyqxls
295,tmpc_mibmsx,0,C:\Users\samru\AppData\Local\Temp\tmpc_mibmsx
296,tmpd3h7b6pi,0,C:\Users\samru\AppData\Local\Temp\tmpd3h7b6pi
297,tmpd7pobewr,0,C:\Users\samru\AppData\Local\Temp\tmpd7pobewr
298,tmpdmiq8f3_,0,C:\Users\samru\AppData\Local\Temp\tmpdmiq8f3_
299,tmpdxz_aoyp,0,C:\Users\samru\AppData\Local\Temp\tmpdxz_aoyp
300,tmpe4wxmsot,0,C:\Users\samru\AppData\Local\Temp\tmpe4wxmsot
301,tmpe6y4iti5,0,C:\Users\samru\AppData\Local\Temp\tmpe6y4iti5
302,tmpel_fe199,0,C:\Users\samru\AppData\Local\Temp\tmpel_fe199
303,tmpf7w09n4c,0,C:\Users\samru\AppData\Local\Temp\tmpf7w09n4c
304,tmpfvqi462z,0,C:\Users\samru\AppData\Local\Temp\tmpfvqi462z
305,tmpfxu551ei,0,C:\Users\samru\AppData\Local\Temp\tmpfxu551ei
306,tmpg3793g1y,0,C:\Users\samru\AppData\Local\Temp\tmpg3793g1y
307,tmpg3oa_lf9,0,C:\Users\samru\AppData\Local\Temp\tmpg3oa_lf9
308,tmpg8fi1uny,0,C:\Users\samru\AppData\Local\Temp\tmpg8fi1uny
309,tmpglns2lba,0,C:\Users\samru\AppData\Local\Temp\tmpglns2lba
310,tmpgnh813zk,0,C:\Users\samru\AppData\Local\Temp\tmpgnh813zk
311,tmpgoludz5e,0,C:\Users\samru\AppData\Local\Temp\tmpgoludz5e
312,tmpgztu3lxd,0,C:\Users\samru\AppData\Local\Temp\tmpgztu3lxd
313,tmpg_l1losi,0,C:\Users\samru\AppData\Local\Temp\tmpg_l1losi
314,tmphnisnzan,0,C:\Users\samru\AppData\Local\Temp\tmphnisnzan
315,tmphon6x9rn,0,C:\Users\samru\AppData\Local\Temp\tmphon6x9rn
316,tmphviyt19y,0,C:\Users\samru\AppData\Local\Temp\tmphviyt19y
317,tmphxrm0pzv,0,C:\Users\samru\AppData\Local\Temp\tmphxrm0pzv
318,tmpi1bfhtir,0,C:\Users\samru\AppData\Local\Temp\tmpi1bfhtir
319,tmpiv961hao,0,C:\Users\samru\AppData\Local\Temp\tmpiv961hao
320,tmpiw5uf5v2,0,C:\Users\samru\AppData\Local\Temp\tmpiw5uf5v2
321,tmpizd5zajc,0,C:\Users\samru\AppData\Local\Temp\tmpizd5zajc
322,tmpj8gc4vwc,0,C:\Users\samru\AppData\Local\Temp\tmpj8gc4vwc
323,tmpj94j9rb6,0,C:\Users\samru\AppData\Local\Temp\tmpj94j9rb6
324,tmpjca0ofvk,0,C:\Users\samru\AppData\Local\Temp\tmpjca0ofvk
325,tmpjhdis1ct,0,C:\Users\samru\AppData\Local\Temp\tmpjhdis1ct
326,tmpjrgux00x,0,C:\Users\samru\AppData\Local\Temp\tmpjrgux00x
327,tmpju5gz2ks,0,C:\Users\samru\AppData\Local\Temp\tmpju5gz2ks
328,tmpjwedcgla,0,C:\Users\samru\AppData\Local\Temp\tmpjwedcgla
329,tmpjxif0frq,0,C:\Users\samru\AppData\Local\Temp\tmpjxif0frq
330,tmpjzcc1cc_,0,C:\Users\samru\AppData\Local\Temp\tmpjzcc1cc_
331,tmpk2nz1a0l,0,C:\Users\samru\AppData\Local\Temp\tmpk2nz1a0l
332,tmpk7dzxi52,0,C:\Users\samru\AppData\Local\Temp\tmpk7dzxi52
333,tmpkjl_dna6,0,C:\Users\samru\AppData\Local\Temp\tmpkjl_dna6
334,tmpkl92be04,0,C:\Users\samru\AppData\Local\Temp\tmpkl92be04
335,tmpkmzb2koi,0,C:\Users\samru\AppData\Local\Temp\tmpkmzb2koi
336,tmpktncrgiy,0,C:\Users\samru\AppData\Local\Temp\tmpktncrgiy
337,tmpkwmjw6yn,0,C:\Users\samru\AppData\Local\Temp\tmpkwmjw6yn
338,tmpl6yepuh5,0,C:\Users\samru\AppData\Local\Temp\tmpl6yepuh5
339,tmpl875hazh,0,C:\Users\samru\AppData\Local\Temp\tmpl875hazh
340,tmplf994i82,0,C:\Users\samru\AppData\Local\Temp\tmplf994i82
341,tmplfpmww7x,0,C:\Users\samru\AppData\Local\Temp\tmplfpmww7x
342,tmpl_cwioc6,0,C:\Users\samru\AppData\Local\Temp\tmpl_cwioc6
343,tmpm4k_3rxs,0,C:\Users\samru\AppData\Local\Temp\tmpm4k_3rxs
344,tmpm58cdjl8,0,C:\Users\samru\AppData\Local\Temp\tmpm58cdjl8
345,tmpm761zubz,0,C:\Users\samru\AppData\Local\Temp\tmpm761zubz
346,tmpml2_b0yq,0,C:\Users\samru\AppData\Local\Temp\tmpml2_b0yq
347,tmpnhftowgg,0,C:\Users\samru\AppData\Local\Temp\tmpnhftowgg
348,tmpnh_q8zok,0,C:\Users\samru\AppData\Local\Temp\tmpnh_q8zok
349,tmpojsau3cz,0,C:\Users\samru\AppData\Local\Temp\tmpojsau3cz
350,tmpon5911tk,0,C:\Users\samru\AppData\Local\Temp\tmpon5911tk
351,tmposky_53q,0,C:\Users\samru\AppData\Local\Temp\tmposky_53q
352,tmpowq1kn2s,0,C:\Users\samru\AppData\Local\Temp\tmpowq1kn2s
353,tmpp0jxyyp6,0,C:\Users\samru\AppData\Local\Temp\tmpp0jxyyp6
354,tmpp24wnllr,0,C:\Users\samru\AppData\Local\Temp\tmpp24wnllr
355,tmpp835sx6g,0,C:\Users\samru\AppData\Local\Temp\tmpp835sx6g
356,tmpp8gqjvzt,0,C:\Users\samru\AppData\Local\Temp\tmpp8gqjvzt
357,tmpqggeg2ut,0,C:\Users\samru\AppData\Local\Temp\tmpqggeg2ut
358,tmpqixlefbu,0,C:\Users\samru\AppData\Local\Temp\tmpqixlefbu
359,tmpqr13y3ba,0,C:\Users\samru\AppData\Local\Temp\tmpqr13y3ba
360,tmpqwn_ts9d,0,C:\Users\samru\AppData\Local\Temp\tmpqwn_ts9d
361,tmpqyvb1rqm,0,C:\Users\samru\AppData\Local\Temp\tmpqyvb1rqm
362,tmpq__fimje,0,C:\Users\samru\AppData\Local\Temp\tmpq__fimje
363,tmpr8taoymx,0,C:\Users\samru\AppData\Local\Temp\tmpr8taoymx
364,tmprb0ms0mx,0,C:\Users\samru\AppData\Local\Temp\tmprb0ms0mx
365,tmprhin397f,0,C:\Users\samru\AppData\Local\Temp\tmprhin397f
366,tmpri7amh0f,0,C:\Users\samru\AppData\Local\Temp\tmpri7amh0f
367,tmps9tqzlzy,0,C:\Users\samru\AppData\Local\Temp\tmps9tqzlzy
368,tmpsc5vdu1o,0,C:\Users\samru\AppData\Local\Temp\tmpsc5vdu1o
369,tmpsj4ezthx,0,C:\Users\samru\AppData\Local\Temp\tmpsj4ezthx
370,tmpsnft4cuy,0,C:\Users\samru\AppData\Local\Temp\tmpsnft4cuy
371,tmpsoqzdsb6,0,C:\Users\samru\AppData\Local\Temp\tmpsoqzdsb6
372,tmptb14wyjd,0,C:\Users\samru\AppData\Local\Temp\tmptb14wyjd
373,tmptmfde74z,0,C:\Users\samru\AppData\Local\Temp\tmptmfde74z
374,tmptxnc8tf8,0,C:\Users\samru\AppData\Local\Temp\tmptxnc8tf8
375,tmpu3rca56l,0,C:\Users\samru\AppData\Local\Temp\tmpu3rca56l
376,tmpu52zbqzv,0,C:\Users\samru\AppData\Local\Temp\tmpu52zbqzv
377,tmpuhxt47iv,0,C:\Users\samru\AppData\Local\Temp\tmpuhxt47iv
378,tmpv0mkj9pe,0,C:\Users\samru\AppData\Local\Temp\tmpv0mkj9pe
379,tmpv5uby6mb,0,C:\Users\samru\AppData\Local\Temp\tmpv5uby6mb
380,tmpva50p49j,0,C:\Users\samru\AppData\Local\Temp\tmpva50p49j
381,tmpvdtz17m1,0,C:\Users\samru\AppData\Local\Temp\tmpvdtz17m1
382,tmpveaivcua,0,C:\Users\samru\AppData\Local\Temp\tmpveaivcua
383,tmpvx8g9azj,0,C:\Users\samru\AppData\Local\Temp\tmpvx8g9azj
384,tmpw1fe2vqz,0,C:\Users\samru\AppData\Local\Temp\tmpw1fe2vqz
385,tmpw5f9pud3,0,C:\Users\samru\AppData\Local\Temp\tmpw5f9pud3
386,tmpw5zdh9qq,0,C:\Users\samru\AppData\Local\Temp\tmpw5zdh9qq
387,tmpwbh_dul2,0,C:\Users\samru\AppData\Local\Temp\tmpwbh_dul2
388,tmpwdukhg2j,0,C:\Users\samru\AppData\Local\Temp\tmpwdukhg2j
389,tmpwdyn7rd_,0,C:\Users\samru\AppData\Local\Temp\tmpwdyn7rd_
390,tmpwkkk2xrm,0,C:\Users\samru\AppData\Local\Temp\tmpwkkk2xrm
391,tmpx1fn2hs7,0,C:\Users\samru\AppData\Local\Temp\tmpx1fn2hs7
392,tmpxyabks5x,0,C:\Users\samru\AppData\Local\Temp\tmpxyabks5x
393,tmpy7k16bo6,0,C:\Users\samru\AppData\Local\Temp\tmpy7k16bo6
394,tmpycv_398c,0,C:\Users\samru\AppData\Local\Temp\tmpycv_398c
395,tmpylvd55cp,0,C:\Users\samru\AppData\Local\Temp\tmpylvd55cp
396,tmpyreoorz_,0,C:\Users\samru\AppData\Local\Temp\tmpyreoorz_
397,tmpz2pgnw8y,0,C:\Users\samru\AppData\Local\Temp\tmpz2pgnw8y
398,tmpz6kuldts,0,C:\Users\samru\AppData\Local\Temp\tmpz6kuldts
399,tmpz7g2hqna,0,C:\Users\samru\AppData\Local\Temp\tmpz7g2hqna
400,tmpzbmz3c3q,0,C:\Users\samru\AppData\Local\Temp\tmpzbmz3c3q
401,tmpzhdhzd85,0,C:\Users\samru\AppData\Local\Temp\tmpzhdhzd85
402,tmpztnoa8tu,0,C:\Users\samru\AppData\Local\Temp\tmpztnoa8tu
403,tmp_ai_twbj,0,C:\Users\samru\AppData\Local\Temp\tmp_ai_twbj
404,tmp_ao_34g0,0,C:\Users\samru\AppData\Local\Temp\tmp_ao_34g0
405,tmp_hhii_62,0,C:\Users\samru\AppData\Local\Temp\tmp_hhii_62
406,tmp_nhjxnmx,0,C:\Users\samru\AppData\Local\Temp\tmp_nhjxnmx
407,tmp_o9885le,0,C:\Users\samru\AppData\Local\Temp\tmp_o9885le
408,tmp_oimttk0,0,C:\Users\samru\AppData\Local\Temp\tmp_oimttk0
409,tmp_yvqzgi3,0,C:\Users\samru\AppData\Local\Temp\tmp_yvqzgi3
410,vscode-inno-updater-1709198625.log,270904,C:\Users\samru\AppData\Local\Temp\vscode-inno-updater-1709198625.log
411,vscode-inno-updater-1709869646.log,271146,C:\Users\samru\AppData\Local\Temp\vscode-inno-updater-1709869646.log
412,wct108B.tmp,77424,C:\Users\samru\AppData\Local\Temp\wct108B.tmp
413,wct109C.tmp,77440,C:\Users\samru\AppData\Local\Temp\wct109C.tmp
414,wct1399.tmp,0,C:\Users\samru\AppData\Local\Temp\wct1399.tmp
415,wct1508.tmp,77531,C:\Users\samru\AppData\Local\Temp\wct1508.tmp
416,wct16FE.tmp,0,C:\Users\samru\AppData\Local\Temp\wct16FE.tmp
417,wct20F3.tmp,0,C:\Users\samru\AppData\Local\Temp\wct20F3.tmp
418,wct2231.tmp,77531,C:\Users\samru\AppData\Local\Temp\wct2231.tmp
419,wct2C77.tmp,77531,C:\Users\samru\AppData\Local\Temp\wct2C77.tmp
420,wct3A79.tmp,1739,C:\Users\samru\AppData\Local\Temp\wct3A79.tmp
421,wct3D89.tmp,2619,C:\Users\samru\AppData\Local\Temp\wct3D89.tmp
422,wct41AC.tmp,0,C:\Users\samru\AppData\Local\Temp\wct41AC.tmp
423,wct4268.tmp,0,C:\Users\samru\AppData\Local\Temp\wct4268.tmp
424,wct4836.tmp,77701,C:\Users\samru\AppData\Local\Temp\wct4836.tmp
425,wct4A95.tmp,77531,C:\Users\samru\AppData\Local\Temp\wct4A95.tmp
426,wct4BE0.tmp,77531,C:\Users\samru\AppData\Local\Temp\wct4BE0.tmp
427,wct4C1F.tmp,1739,C:\Users\samru\AppData\Local\Temp\wct4C1F.tmp
428,wct4EF7.tmp,1739,C:\Users\samru\AppData\Local\Temp\wct4EF7.tmp
429,wct5223.tmp,77453,C:\Users\samru\AppData\Local\Temp\wct5223.tmp
430,wct54C6.tmp,0,C:\Users\samru\AppData\Local\Temp\wct54C6.tmp
431,wct5616.tmp,0,C:\Users\samru\AppData\Local\Temp\wct5616.tmp
432,wct61C7.tmp,2619,C:\Users\samru\AppData\Local\Temp\wct61C7.tmp
433,wct654.tmp,2619,C:\Users\samru\AppData\Local\Temp\wct654.tmp
434,wct67A9.tmp,0,C:\Users\samru\AppData\Local\Temp\wct67A9.tmp
435,wct67B1.tmp,0,C:\Users\samru\AppData\Local\Temp\wct67B1.tmp
436,wct6891.tmp,1739,C:\Users\samru\AppData\Local\Temp\wct6891.tmp
437,wct6D78.tmp,1739,C:\Users\samru\AppData\Local\Temp\wct6D78.tmp
438,wct71BF.tmp,0,C:\Users\samru\AppData\Local\Temp\wct71BF.tmp
439,wct7679.tmp,2619,C:\Users\samru\AppData\Local\Temp\wct7679.tmp
440,wct7770.tmp,0,C:\Users\samru\AppData\Local\Temp\wct7770.tmp
441,wct7D4.tmp,2619,C:\Users\samru\AppData\Local\Temp\wct7D4.tmp
442,wct7DE0.tmp,1739,C:\Users\samru\AppData\Local\Temp\wct7DE0.tmp
443,wct7EFE.tmp,0,C:\Users\samru\AppData\Local\Temp\wct7EFE.tmp
444,wct7FDD.tmp,1739,C:\Users\samru\AppData\Local\Temp\wct7FDD.tmp
445,wct8117.tmp,2619,C:\Users\samru\AppData\Local\Temp\wct8117.tmp
446,wct85AA.tmp,1739,C:\Users\samru\AppData\Local\Temp\wct85AA.tmp
447,wct898E.tmp,0,C:\Users\samru\AppData\Local\Temp\wct898E.tmp
448,wct8A89.tmp,1739,C:\Users\samru\AppData\Local\Temp\wct8A89.tmp
449,wct8B0C.tmp,0,C:\Users\samru\AppData\Local\Temp\wct8B0C.tmp
450,wct937D.tmp,0,C:\Users\samru\AppData\Local\Temp\wct937D.tmp
451,wct9458.tmp,0,C:\Users\samru\AppData\Local\Temp\wct9458.tmp
452,wct965F.tmp,2619,C:\Users\samru\AppData\Local\Temp\wct965F.tmp
453,wct9F5A.tmp,0,C:\Users\samru\AppData\Local\Temp\wct9F5A.tmp
454,wct9FF8.tmp,0,C:\Users\samru\AppData\Local\Temp\wct9FF8.tmp
455,wctA282.tmp,2619,C:\Users\samru\AppData\Local\Temp\wctA282.tmp
456,wctAFD2.tmp,77391,C:\Users\samru\AppData\Local\Temp\wctAFD2.tmp
457,wctB6DA.tmp,0,C:\Users\samru\AppData\Local\Temp\wctB6DA.tmp
458,wctC20.tmp,77453,C:\Users\samru\AppData\Local\Temp\wctC20.tmp
459,wctC61C.tmp,77440,C:\Users\samru\AppData\Local\Temp\wctC61C.tmp
460,wctC787.tmp,0,C:\Users\samru\AppData\Local\Temp\wctC787.tmp
461,wctD0AC.tmp,0,C:\Users\samru\AppData\Local\Temp\wctD0AC.tmp
462,wctD2B7.tmp,77424,C:\Users\samru\AppData\Local\Temp\wctD2B7.tmp
463,wctD30E.tmp,0,C:\Users\samru\AppData\Local\Temp\wctD30E.tmp
464,wctDC06.tmp,77440,C:\Users\samru\AppData\Local\Temp\wctDC06.tmp
465,wctE421.tmp,2619,C:\Users\samru\AppData\Local\Temp\wctE421.tmp
466,wctE4A4.tmp,0,C:\Users\samru\AppData\Local\Temp\wctE4A4.tmp
467,wctE5BD.tmp,2619,C:\Users\samru\AppData\Local\Temp\wctE5BD.tmp
468,wctF20D.tmp,0,C:\Users\samru\AppData\Local\Temp\wctF20D.tmp
469,wctFD4B.tmp,0,C:\Users\samru\AppData\Local\Temp\wctFD4B.tmp
470,wctFDAA.tmp,0,C:\Users\samru\AppData\Local\Temp\wctFDAA.tmp
471,wctFF50.tmp,0,C:\Users\samru\AppData\Local\Temp\wctFF50.tmp
472,week5_day1.py.url,0,C:\Users\samru\AppData\Local\Temp\week5_day1.py.url
473,{088D9C4A-BC90-4D70-8239-C7250277FDF5} - OProcSessId.dat,0,C:\Users\samru\AppData\Local\Temp\{088D9C4A-BC90-4D70-8239-C7250277FDF5} - OProcSessId.dat
474,{5F3BCAAA-435D-453E-BCEE-EBA6F0DC1A52} - OProcSessId.dat,0,C:\Users\samru\AppData\Local\Temp\{5F3BCAAA-435D-453E-BCEE-EBA6F0DC1A52} - OProcSessId.dat
475,{E8E33065-174B-4C9C-B059-9CEE35D37DCB} - OProcSessId.dat,0,C:\Users\samru\AppData\Local\Temp\{E8E33065-174B-4C9C-B059-9CEE35D37DCB} - OProcSessId.dat
476,{EC73C1E5-AB45-493F-AD1F-3D367FDEAEFD} - OProcSessId.dat,0,C:\Users\samru\AppData\Local\Temp\{EC73C1E5-AB45-493F-AD1F-3D367FDEAEFD} - OProcSessId.dat
477,~DF21FDE3C88EBDB0A4.TMP,512,C:\Users\samru\AppData\Local\Temp\~DF21FDE3C88EBDB0A4.TMP
478,~DFC3CCA06B924934E9.TMP,16384,C:\Users\samru\AppData\Local\Temp\~DFC3CCA06B924934E9.TMP
